client_id,client_name,service_month,count_eligible_primary_members,num_unique_claims_medical,num_unique_claims_rx,num_service_lines_medical,num_service_lines_rx,total_plan_pay_medical,total_plan_pay_rx,total_garner_incentive_paid_medical,total_garner_incentive_paid_rx
1,Client-A,2023-12-01,320,1249,558,2854,1070,300458.52,58184.45,10338.61,1405.74
1,Client-A,2024-01-01,325,1537,572,3292,1102,313810.6,62068.41,10758.5,2548.77
1,Client-A,2024-02-01,323,1732,549,3735,1045,202704.21,42483.16,7423.77,1731.64
1,Client-A,2024-03-01,319,1560,601,3605,1036,410918.22,82792.19,13162.84,2243.57
1,Client-A,2024-04-01,323,1464,584,3236,979,338457.67,72529.55,15397.21,2353.68
1,Client-A,2024-05-01,316,1401,542,3150,1092,379520.3,72708.27,15164.35,2378.63
1,Client-A,2024-06-01,321,1365,608,3300,991,287526.94,54843.49,9780.22,1206.15
1,Client-A,2024-07-01,326,1552,443,4006,886,341487.18,46361.36,12840.36,1897.42
1,Client-A,2024-08-01,320,1193,503,1195,964,289025.32,63330.82,8799.57,2608.84
1,Client-A,2024-09-01,313,1146,484,1146,967,193770.76,40576.73,7857.89,1471.84
1,Client-A,2024-10-01,331,1587,462,3647,924,250730.86,82468.93,12762.78,2776.82
1,Client-A,2024-11-01,321,1498,510,3593,886,365095.84,58359.55,11286.25,2103.94
1,Client-A,2024-12-01,334,1784,653,4206,1181,348730.9,89215.26,12369.17,3452.77
1,Client-A,2025-01-01,332,1646,594,3997,1165,285256.73,92210.72,12759.55,4297.82
1,Client-A,2025-02-01,329,1594,646,3103,1126,304995.48,62100.28,12110.37,1995.63
1,Client-A,2025-03-01,349,1787,830,3858,1493,436871.88,110482.83,13111.79,1961.51
1,Client-A,2025-04-01,330,1149,561,2582,1082,209180.25,62321.73,7682.94,1878.19
1,Client-A,2025-05-01,337,1506,579,3758,1043,272486.11,61168.1,4709.28,2120.89
1,Client-A,2025-06-01,348,1503,536,3464,971,355614.13,63218.46,12977.79,2368.94
1,Client-A,2025-07-01,355,1640,584,3633,1029,416303.75,78103.76,13758.13,2780.17
1,Client-A,2025-08-01,336,1367,452,2918,836,277298.62,60172.28,14638.48,1760.03
1,Client-A,2025-09-01,355,1185,511,2746,894,302115.49,38725.72,12812.74,1434.71
1,Client-A,2025-10-01,346,1572,568,3207,1090,321108.02,48418.56,10195.45,1778.24
1,Client-A,2025-11-01,346,1359,646,2951,1016,232011.83,67023.78,6869.84,2439.31
1,Client-A,2025-12-01,345,1400,601,2777,1156,314195.93,64192.08,9079.68,2581.7
1,Client-A,2026-01-01,350,1924,495,4446,934,354079.22,58706.47,15031.25,2024.9
1,Client-A,2026-02-01,359,1558,689,3686,1345,315313.06,60857.47,8792.14,1548.01
1,Client-A,2026-03-01,337,1890,690,4562,1412,373604.59,84286.94,11201.63,3151.88
1,Client-A,2026-04-01,353,1431,730,3412,1413,302913.86,85868.66,10932.18,3015.75
2,Client-B,2023-06-01,0,,,,,,,,
2,Client-B,2023-07-01,0,,,,,,,,
2,Client-B,2023-08-01,0,,,,,,,,
2,Client-B,2023-09-01,0,,,,,,,,
2,Client-B,2023-10-01,0,,,,,,,,
2,Client-B,2023-11-01,0,,,,,,,,
2,Client-B,2023-12-01,0,,,,,,,,
2,Client-B,2024-01-01,0,,,,,,,,
2,Client-B,2024-02-01,0,,,,,,,,
2,Client-B,2024-03-01,1209,6403,2722,21058,6599,1498032.84,261142.01,77024.85,16106.96
2,Client-B,2024-04-01,1282,5852,2932,18674,7073,1131082.47,144855.97,57179.85,4456.71
2,Client-B,2024-05-01,1286,5929,1667,21565,3951,1629226.38,151298.56,79719.97,8083.04
2,Client-B,2024-06-01,1306,4883,2575,15543,6793,1121047.29,257889.93,51552.39,11227.52
2,Client-B,2024-07-01,1251,5216,2263,17144,4891,1225834.76,214801.32,89659.98,12091.27
2,Client-B,2024-08-01,1292,5376,2214,18222,5494,1227834.55,178107.99,57248.56,9269.78
2,Client-B,2024-09-01,1310,6041,2089,21956,5695,1567034.57,157905.57,84508.54,7030.04
2,Client-B,2024-10-01,1261,5299,1539,18284,3799,1299700.08,135070.7,77020.13,6719.2
2,Client-B,2024-11-01,1304,5335,2245,15726,5560,1076101.29,267572.6,61370.39,14901.02
2,Client-B,2024-12-01,1257,5887,2607,19355,5627,1421662.75,258469.04,64607.11,11582.65
2,Client-B,2025-01-01,1278,5857,2321,22627,5576,1459869.53,172024.77,75132.35,8743.57
2,Client-B,2025-02-01,1273,7176,2708,27097,6365,1862796.08,246435.79,90421.8,17184.09
2,Client-B,2025-03-01,1312,6821,2565,22765,6340,1390312.34,192263.52,70932.79,5217.54
2,Client-B,2025-04-01,1265,5902,2320,20317,5167,1227214,157963.41,76618.04,9811.97
2,Client-B,2025-05-01,1247,5124,2265,18001,4710,1402107.81,255562.76,66151.14,16444.88
2,Client-B,2025-06-01,1316,5040,1871,18862,4194,1268913.79,149565.28,58870.66,9272.59
2,Client-B,2025-07-01,1249,4583,2578,15802,6312,713475.36,220852.98,20158.67,13378.02
2,Client-B,2025-08-01,1298,5385,2321,18640,5159,1293697.36,203290.3,77305.03,11668.97
2,Client-B,2025-09-01,1274,6329,2146,22872,4911,1262673.08,164222.28,41142.01,5788.81
2,Client-B,2025-10-01,1272,5809,2186,18256,5681,1651565.87,171639.79,70681.44,8037.37
2,Client-B,2025-11-01,1311,5417,2406,18176,6306,1012196.09,222189.88,46228.04,15774.2
2,Client-B,2025-12-01,1333,7650,2173,28447,5081,1372043.01,214594.97,55703.35,13071.79
2,Client-B,2026-01-01,1272,6213,2621,20434,6265,1477016.01,259452.8,75056.38,12409.13
2,Client-B,2026-02-01,1291,5832,2328,18644,5339,1270779.45,212864.73,56564.27,14171.77
2,Client-B,2026-03-01,1269,6496,2640,20460,6475,1276362.6,240542.63,26104.92,16311.33
2,Client-B,2026-04-01,1304,6402,2344,21616,5271,1423450.69,239724.41,62295.52,9230.76
3,Client-C,2023-06-01,1223,6393,4259,15818,7358,,,,
3,Client-C,2023-07-01,1271,5735,3881,14326,6414,,,,
3,Client-C,2023-08-01,1214,6202,4382,14685,7274,,,,
3,Client-C,2023-09-01,1233,5976,3986,14214,6929,,,,
3,Client-C,2023-10-01,1256,5863,4503,14017,8165,,,,
3,Client-C,2023-11-01,1268,6219,3191,14638,4730,,,,
3,Client-C,2023-12-01,1240,5221,3171,12941,5095,,,,
3,Client-C,2024-01-01,1182,4610,3526,10688,5826,,,,
3,Client-C,2024-02-01,1210,4553,3748,11425,6371,,,,
3,Client-C,2024-03-01,1192,4423,3447,10910,5660,,,,
3,Client-C,2024-04-01,1197,5149,3875,12871,6513,,,,
3,Client-C,2024-05-01,1224,5182,3696,12867,5560,,,,
3,Client-C,2024-06-01,1216,5193,4548,12448,7590,,,,
3,Client-C,2024-07-01,1247,5086,4619,11652,7856,,,,
3,Client-C,2024-08-01,1225,5819,5016,14266,8776,,,,
3,Client-C,2024-09-01,1162,6325,4647,15961,8969,,,,
3,Client-C,2024-10-01,1192,6592,3278,13207,5924,,,,
3,Client-C,2024-11-01,1201,4734,3355,11346,5834,,,,
3,Client-C,2024-12-01,1208,3969,3375,9215,6182,,,,
3,Client-C,2025-01-01,1216,4376,3017,10253,5019,,,,
3,Client-C,2025-02-01,1197,4529,4005,10687,6647,,,,
3,Client-C,2025-03-01,1164,4588,3782,12740,6038,,,,
3,Client-C,2025-04-01,1196,4794,2748,11873,5014,,,,
3,Client-C,2025-05-01,1164,5956,3255,15101,5247,,,,
3,Client-C,2025-06-01,1146,5254,3553,12864,6039,,,,
3,Client-C,2025-07-01,1178,5685,3275,14103,5414,,,,
3,Client-C,2025-08-01,1178,5658,3810,14782,5980,,,,
3,Client-C,2025-09-01,1127,4584,4194,12092,7791,,,,
3,Client-C,2025-10-01,1141,5107,3299,13467,4971,,,,
3,Client-C,2025-11-01,1147,4907,2769,12187,4928,,,,
3,Client-C,2025-12-01,1188,4530,3476,11216,6646,,,,
3,Client-C,2026-01-01,1200,5005,3710,13528,6557,,,,
3,Client-C,2026-02-01,1136,4537,3050,10508,5450,,,,
3,Client-C,2026-03-01,1151,4986,3273,12562,5203,,,,
3,Client-C,2026-04-01,1164,4785,3795,13488,5977,,,,
4,Client-D,2023-06-01,499,2110,1518,5578,2688,522573.8,110307.83,37734.38,9232.25
4,Client-D,2023-07-01,512,2106,1691,5879,3483,597774.67,176277.65,43901.77,14659.44
4,Client-D,2023-08-01,505,1866,1608,5802,2938,379859.39,157523.67,27775.68,10679.3
4,Client-D,2023-09-01,495,1864,1554,4881,2941,444372.37,152026.78,30136.48,8927.78
4,Client-D,2023-10-01,519,1797,1471,4979,2847,421962.35,154425.01,25209.4,11068.53
4,Client-D,2023-11-01,515,1976,1417,5596,2687,410622.16,112008.86,28475.18,6390.82
4,Client-D,2023-12-01,499,1845,1548,5763,2960,465009.81,148963.13,29589.66,7860.16
4,Client-D,2024-01-01,492,2178,1676,6468,3123,491992.81,189687.31,35254.39,14676.27
4,Client-D,2024-02-01,523,2337,1563,6760,3305,523244.56,157831.35,43214.16,10020.38
4,Client-D,2024-03-01,512,2021,1591,5692,3143,414790.56,203012.64,20217.35,11960.53
4,Client-D,2024-04-01,505,2002,1448,5958,2837,436091.84,121466.76,28554.86,8322.49
4,Client-D,2024-05-01,505,1804,1373,4618,2546,361451.06,126299.08,28613.02,9840.68
4,Client-D,2024-06-01,529,1897,1382,5333,2834,442095.51,119016.22,26242.05,8064.68
4,Client-D,2024-07-01,512,1885,1378,5712,2528,436684.33,135131.33,22669.72,9691.11
4,Client-D,2024-08-01,527,1899,1762,5669,3352,397450.57,177125.93,29578.97,15927.78
4,Client-D,2024-09-01,508,2132,1431,5597,2626,389827.68,112575.72,11781.25,4456.69
4,Client-D,2024-10-01,493,1995,1352,5828,2583,392095.07,127775.21,25902.15,10348.45
4,Client-D,2024-11-01,514,2223,1320,6019,2565,441515.48,119468.62,33310.87,7233.15
4,Client-D,2024-12-01,501,2077,1472,6391,2995,427335.63,150485.85,34228.53,10385.19
4,Client-D,2025-01-01,503,1969,1576,5856,3068,496566.58,189623.37,36731.09,13978.34
4,Client-D,2025-02-01,487,1961,1552,5904,2878,381905.25,110040.86,32976.94,6552.31
4,Client-D,2025-03-01,503,2112,1509,5980,2799,439167.12,96201.16,29123.78,5462.55
4,Client-D,2025-04-01,499,2007,1446,5725,2372,318964.27,132394.11,18810.48,7895.24
4,Client-D,2025-05-01,505,1980,1520,5450,2994,368786.25,104811.5,28118.72,7587.55
4,Client-D,2025-06-01,507,1991,1453,5549,2964,387309.74,159874.73,24700.42,11719.77
4,Client-D,2025-07-01,509,2147,1605,6275,2777,532509.84,189553.31,34575.19,16227.61
4,Client-D,2025-08-01,502,1563,1241,4187,2260,333964.98,122560.39,28863.57,6886.5
4,Client-D,2025-09-01,498,1519,1440,4259,2527,371744.23,122541.74,27855.49,8499.65
4,Client-D,2025-10-01,492,1764,1651,5006,3283,388757.47,98430.53,37596.49,9116.83
4,Client-D,2025-11-01,493,2105,1517,6228,2836,418230.38,146865.42,27474.93,7441.85
4,Client-D,2025-12-01,499,2222,1031,6176,1867,428424.74,100457.96,34550.66,5744.43
4,Client-D,2026-01-01,486,1814,1145,5666,2354,366607.65,74125.89,30008.63,6760.73
4,Client-D,2026-02-01,520,2331,1556,6764,2889,531734.21,160661.46,23479.65,12453.97
4,Client-D,2026-03-01,495,2184,1477,6180,2724,515288.07,195641.11,30861.05,12744.1
4,Client-D,2026-04-01,490,1893,1458,5596,2519,467444.81,159621.42,26901.47,12517.58
5,Client-E,2023-06-01,0,,,,,,,,
5,Client-E,2023-07-01,0,,,,,,,,
5,Client-E,2023-08-01,0,,,,,,,,
5,Client-E,2023-09-01,0,,,,,,,,
5,Client-E,2023-10-01,0,,,,,,,,
5,Client-E,2023-11-01,0,,,,,,,,
5,Client-E,2023-12-01,0,,,,,,,,
5,Client-E,2024-01-01,0,,,,,,,,
5,Client-E,2024-02-01,0,,,,,,,,
5,Client-E,2024-03-01,0,,,,,,,,
5,Client-E,2024-04-01,0,,,,,,,,
5,Client-E,2024-05-01,0,,,,,,,,
5,Client-E,2024-06-01,0,,,,,,,,
5,Client-E,2024-07-01,0,,,,,,,,
5,Client-E,2024-08-01,486,1511,1084,3263,1748,389641.99,74744.54,15435.58,3635.21
5,Client-E,2024-09-01,474,1276,1293,2680,2149,279908.54,133867.05,12294.13,7823.39
5,Client-E,2024-10-01,483,1452,1311,3122,2096,329301.53,104472.77,15740.33,4281
5,Client-E,2024-11-01,479,1581,1388,3474,2405,330487.12,64955.72,15704.3,2584.12
5,Client-E,2024-12-01,492,1581,1377,3713,2104,383566.6,101253.06,22369.96,2116.72
5,Client-E,2025-01-01,494,1718,1449,3801,2594,400418.17,151137.42,15591.07,7744.61
5,Client-E,2025-02-01,470,1440,1287,3473,2259,363982.93,110572.77,19770.24,4532.76
5,Client-E,2025-03-01,492,1642,1484,4145,2484,277887.11,114038.52,14594.26,4918.67
5,Client-E,2025-04-01,459,1339,1433,3100,2500,325398.32,148361.89,15210.41,4597.92
5,Client-E,2025-05-01,470,1095,1428,2552,2437,264020.87,142027.1,13207.37,8731.98
5,Client-E,2025-06-01,483,1309,1539,2924,2304,262981.65,131498.87,15596.28,6140.79
5,Client-E,2025-07-01,488,1484,1424,3077,2366,273844.8,95388.23,12883.52,5264.43
5,Client-E,2025-08-01,491,1287,1443,3271,2287,318677.69,136377.15,18775.92,7967.03
5,Client-E,2025-09-01,474,1265,1728,2661,2856,256914.86,149832.92,9687.76,6731.9
5,Client-E,2025-10-01,481,1429,1239,2924,1927,346561.82,112385.98,18453.12,6895.38
5,Client-E,2025-11-01,472,1546,1333,3571,2330,357987.08,102027.94,21303.18,5451.9
5,Client-E,2025-12-01,484,1276,1103,2979,1749,262666.83,103269.24,14886.66,5184.55
5,Client-E,2026-01-01,486,1876,1546,4204,2583,479254.51,140136.91,22818.89,8204.29
5,Client-E,2026-02-01,467,1498,1604,3175,2634,355125.22,165787.15,19379.75,10562.64
5,Client-E,2026-03-01,482,1652,1453,3746,2326,262658.17,133191.38,15267.94,8418.1
5,Client-E,2026-04-01,471,1777,1080,3919,1912,580012.81,81965.88,35089.75,4944.78
6,Client-F,2023-06-01,875,3932,2315,8609,5319,676622.51,186528.86,28068.04,10778.87
6,Client-F,2023-07-01,865,4185,2754,10008,6603,561500.21,308043.73,37607.34,7946.77
6,Client-F,2023-08-01,876,4345,2592,11654,6466,841678.03,192274.55,44289.34,12848.85
6,Client-F,2023-09-01,848,3592,2423,9249,5441,552887.72,162300.5,32230.48,8200.9
6,Client-F,2023-10-01,860,3952,2249,9981,4712,706449.67,176442.8,31752.93,12798.95
6,Client-F,2023-11-01,854,3626,1886,9542,4433,391791.29,177014.02,21684.73,10088.63
6,Client-F,2023-12-01,853,3367,1890,8358,4459,556961.16,156990.11,26785.26,6509.96
6,Client-F,2024-01-01,857,3847,2442,9571,5913,720135.44,172808.42,33058.29,12370.76
6,Client-F,2024-02-01,839,3221,1890,8871,4158,523782.08,120914.29,17272.11,3499.93
6,Client-F,2024-03-01,840,2677,1960,6669,4479,371581.49,142569.84,21041.36,9884.47
6,Client-F,2024-04-01,846,3365,2107,7851,4651,422076.99,166788.07,26632.8,7900.98
6,Client-F,2024-05-01,846,3467,2325,8181,5010,550895.13,202778.47,23920.34,10675.23
6,Client-F,2024-06-01,853,4226,2803,10184,6193,692155.34,331109.81,35554.69,19851.19
6,Client-F,2024-07-01,862,3973,2284,9758,5080,592797.03,170262.61,40092.04,9070.1
6,Client-F,2024-08-01,835,3338,2739,9110,6087,656138.03,222447.95,36191.74,10702.97
6,Client-F,2024-09-01,832,3388,2640,10045,5968,573094.11,206751.09,28537.59,11239.95
6,Client-F,2024-10-01,851,3875,2325,9405,5878,636705.07,159334.06,33742.34,8375.85
6,Client-F,2024-11-01,855,3835,2123,10192,5232,687504.93,192550.75,16671.81,11241.1
6,Client-F,2024-12-01,816,2928,2157,7601,5079,419659.37,198298.82,23623.66,10128.29
6,Client-F,2025-01-01,863,2952,1767,7373,4105,425782.35,197779.74,21845.13,11578.67
6,Client-F,2025-02-01,835,3186,1852,8020,4132,441349.88,160784.5,23147.39,9208.18
6,Client-F,2025-03-01,821,2835,2048,7574,4484,416670.41,197944.2,17744.74,12347.2
6,Client-F,2025-04-01,847,2905,2019,7635,4553,494345.43,169968.17,67363.59,6938.93
6,Client-F,2025-05-01,816,3991,2159,10140,5236,535141.62,124146.68,74015.49,6832.22
6,Client-F,2025-06-01,856,3501,2414,9736,5760,633235.95,191778.62,33677.66,9287.07
6,Client-F,2025-07-01,847,3871,2395,8577,5409,700290.22,112164.33,33150.07,6487.23
6,Client-F,2025-08-01,848,3572,2176,8476,5546,794608.13,194968.64,39360.51,12156.17
6,Client-F,2025-09-01,822,3864,2339,9502,6008,740935.3,168376.71,45612.65,7797.66
6,Client-F,2025-10-01,863,4231,2554,10630,5827,480748.09,235516.97,24393.89,13308.83
6,Client-F,2025-11-01,820,3151,2583,7606,5622,563246.96,170183,15499.03,5655.1
6,Client-F,2025-12-01,868,3313,2358,9608,5563,497559.69,198756.72,11157.12,8891.25
6,Client-F,2026-01-01,877,3900,1913,10682,4752,657879.12,195166.86,30623.14,12053.86
6,Client-F,2026-02-01,853,3439,1890,8371,4084,635581.06,147774.37,33335.34,8684.16
6,Client-F,2026-03-01,829,2510,2018,5945,4670,417222.63,222741.65,17641.23,12997.78
6,Client-F,2026-04-01,851,3151,1919,8289,4161,611957.49,125172.68,43589.43,7105.14
7,Client-G,2023-06-01,,7321,5023,28388,12626,1988612.91,494031.7,147899.4,49134.86
7,Client-G,2023-07-01,,6666,4490,24861,9503,1725525.08,511826.33,174843.22,34413.26
7,Client-G,2023-08-01,,5998,3717,23146,9006,1482851.21,364981.05,152288.57,31611.76
7,Client-G,2023-09-01,,5609,4480,20490,11687,1078368.81,505841.1,110387.37,41868.94
7,Client-G,2023-10-01,,6729,3098,25431,7129,1475065.64,321901.15,111367.81,24878.58
7,Client-G,2023-11-01,,6723,3904,25140,8930,1532259.08,420953.36,109159.1,30174.59
7,Client-G,2023-12-01,,5920,3825,23083,9656,1345392.66,638067.4,105907.54,55295.04
7,Client-G,2024-01-01,,5779,3782,23111,7848,1253092.39,627429.18,110395.25,53626.62
7,Client-G,2024-02-01,,6276,3806,26607,9311,1208863.6,486966.57,116334.14,35144.65
7,Client-G,2024-03-01,,5860,5174,23430,12592,1185616.16,682314.54,110933.73,41065.07
7,Client-G,2024-04-01,,6476,4419,23238,10869,1810777.55,554826.15,152154.7,45362.2
7,Client-G,2024-05-01,,7985,4642,28283,11888,1256785.79,647263.52,112199.79,67367.21
7,Client-G,2024-06-01,,7311,4382,29902,8696,1580323.76,504183.27,139657.52,46225.73
7,Client-G,2024-07-01,,6587,6030,24944,13570,2004585.75,613953.69,127138.8,50070.54
7,Client-G,2024-08-01,,5152,4451,18598,10567,1177482.7,561662.27,97996.37,47022.4
7,Client-G,2024-09-01,,7154,3912,27203,9274,1861964.68,525165.17,132475.35,41754.55
7,Client-G,2024-10-01,,6216,3741,24020,8040,1495918.45,565004.14,80209.19,37387.95
7,Client-G,2024-11-01,,6025,3771,20291,8864,1617660.92,346066.82,143360.53,33510.47
7,Client-G,2024-12-01,,4983,3959,16508,8289,867306.75,598958.95,70444.4,45945.5
7,Client-G,2025-01-01,,5236,4550,19448,9814,1096538.56,467871.93,81543.21,40372.91
7,Client-G,2025-02-01,,5958,4359,22149,9843,12885380.1,492089.85,51290.27,35702.4
7,Client-G,2025-03-01,,6946,5580,24858,13879,11955478,559150.44,93237.12,46725.98
7,Client-G,2025-04-01,,7024,4631,26157,11086,1348990.07,359114.8,103301.68,30522.66
7,Client-G,2025-05-01,,7628,4899,33474,11123,1851796.64,759748.45,126529.44,58510.11
7,Client-G,2025-06-01,,6977,3932,24202,9339,1722085.69,444196.22,145813.35,39306.28
7,Client-G,2025-07-01,,6422,4157,24415,9392,2030966.7,415100.23,222012.9,31374.72
7,Client-G,2025-08-01,,5449,4024,22509,10479,1123540.69,437380.64,82246.77,30848.21
7,Client-G,2025-09-01,,5377,4495,21003,10620,1325644.21,724622.14,119147.42,66036.55
7,Client-G,2025-10-01,,5329,4321,17123,9945,1020140.49,610137.27,88132.44,35728.78
7,Client-G,2025-11-01,,5875,3876,23318,9878,1338216.41,594473.94,111061.63,55228.92
7,Client-G,2025-12-01,,5528,4318,20333,9610,1699771.71,658810.34,135954.14,45933.42
7,Client-G,2026-01-01,,6143,4455,22340,10632,1948737.82,554448.76,193306.38,47716.91
7,Client-G,2026-02-01,,5843,4246,22533,10627,1054609.5,453966.24,68328.48,44243.42
7,Client-G,2026-03-01,,7450,3804,30872,8573,2076162.5,584623.72,114737.41,60593.85
7,Client-G,2026-04-01,,6489,4604,21292,11427,1482358,621285.47,145877.19,45143.28
8,Client-H,2023-06-01,806,3534,2153,7053,3694,654031.19,259713.61,64508.76,22195.52
8,Client-H,2023-07-01,810,3231,3073,6640,5470,653788.74,268187.89,56904.55,30680.52
8,Client-H,2023-08-01,831,3543,2347,7331,3887,888264.4,242979.54,67639.87,16858.45
8,Client-H,2023-09-01,828,3231,2279,7549,3702,596264.65,319429.76,56623.5,19111.1
8,Client-H,2023-10-01,829,3709,2243,7443,4051,776215.25,274782.11,58553.88,21714.64
8,Client-H,2023-11-01,827,2886,2197,6146,4002,681281.35,220404.79,56978.24,24283.16
8,Client-H,2023-12-01,795,2623,2120,5459,3630,412505.45,215373.4,35003.47,16709.29
8,Client-H,2024-01-01,794,2812,2124,5956,3717,499634.96,259378.29,38513.83,24779.48
8,Client-H,2024-02-01,792,2919,2189,5770,4178,675201.49,297229.81,53013.54,30074.43
8,Client-H,2024-03-01,803,3199,1741,6702,3256,641402.73,243201.41,41327.05,18982.04
8,Client-H,2024-04-01,788,3160,2293,6408,4237,759260.99,293121.49,78668.51,27505.33
8,Client-H,2024-05-01,816,3125,2515,6451,4328,643027.68,388872.06,70610.01,22849.75
8,Client-H,2024-06-01,799,3295,2988,6327,5520,561088.69,412762.3,46182.1,37573.76
8,Client-H,2024-07-01,789,3453,2952,7020,5532,539513.64,377722.63,49402.3,26700.74
8,Client-H,2024-08-01,813,2489,2646,5194,4877,464394.05,331140.25,33612.1,27469.27
8,Client-H,2024-09-01,775,2568,1810,4793,3383,466131.17,186706.24,48445.55,18669.29
8,Client-H,2024-10-01,787,2699,2257,5760,3860,606144.46,313022.41,53647.06,24255.43
8,Client-H,2024-11-01,825,3011,2186,5340,4247,595691.52,188020.46,39900.78,14786.3
8,Client-H,2024-12-01,779,2335,2358,4935,4406,383312.41,273803.54,29925.9,29122.21
8,Client-H,2025-01-01,788,2847,1811,5258,3199,516062.63,254577.87,39445.15,23774.85
8,Client-H,2025-02-01,807,3078,2314,6000,4365,911089.74,305651.6,77370.07,31661.34
8,Client-H,2025-03-01,833,3198,2477,6844,4748,593843.12,322932.13,68583.89,26618.38
8,Client-H,2025-04-01,812,3484,2394,6545,4148,736673.82,311788.07,52495.31,27534.09
8,Client-H,2025-05-01,778,3628,2390,7738,4840,866653.24,297142.42,51181.28,26589.55
8,Client-H,2025-06-01,828,4290,3285,8781,5947,924875.57,508494.01,73633.62,40910.16
8,Client-H,2025-07-01,785,3717,1974,7641,3459,738001.56,270277.27,66088.91,23868.88
8,Client-H,2025-08-01,797,2570,2311,5239,4185,480005.12,294535.84,21250.67,23475.98
8,Client-H,2025-09-01,772,2628,2612,4962,4887,499407.87,367310.69,48584.33,33007.83
8,Client-H,2025-10-01,793,2739,2411,5550,4289,581021.49,321018.96,45146.11,22004.56
8,Client-H,2025-11-01,781,2256,2277,4522,4041,351618.05,250149.13,28356.63,21945.97
8,Client-H,2025-12-01,818,2302,2455,4200,4386,502000.19,377203.79,53000.47,44755.51
8,Client-H,2026-01-01,814,2937,1901,5473,3566,669212.86,192604.34,53355.1,11008.48
8,Client-H,2026-02-01,778,2585,2039,5257,3815,600247.51,187111.66,39366.19,17963.26
8,Client-H,2026-03-01,791,3141,1713,6212,3246,582839.39,166702.81,62278.73,12947.03
8,Client-H,2026-04-01,799,2946,2514,6032,4911,654979.65,236206.94,62653.76,23608.86
9,Client-I,2023-06-01,1314,4809,1982,10857,3512,1136075.33,334440.95,29234.6,8252.96
9,Client-I,2023-07-01,1290,5164,2382,11484,3823,1028888.63,264284.38,20614.47,4992.75
9,Client-I,2023-08-01,1347,6225,2903,15646,4603,1338477.87,448956.16,28903.38,7565.71
9,Client-I,2023-09-01,1353,6110,2291,13602,3572,1405522.94,332715.42,32076.95,6095.52
9,Client-I,2023-10-01,1335,5804,2573,13022,3540,1000671.35,344885.99,14021.12,6689.17
9,Client-I,2023-11-01,1340,6483,3033,13119,4731,1184914.35,462703.1,16268.08,6938.87
9,Client-I,2023-12-01,876,3952,1409,8983,2289,954843.17,257657.13,19977.67,7625.11
9,Client-I,2024-01-01,844,3463,1418,8047,2234,712128.16,199131.08,14568.66,5973.62
9,Client-I,2024-02-01,892,3864,1359,7660,2191,1034111.36,158978.51,29563.13,3423.55
9,Client-I,2024-03-01,873,2891,1080,6075,1664,726788.3,119157.17,17085.8,2566.86
9,Client-I,2024-04-01,879,2585,1504,5617,2567,695774.14,264696.04,17907.76,5082.32
9,Client-I,2024-05-01,892,3107,1172,7086,1782,524334.99,189129.62,11063.73,5156.31
9,Client-I,2024-06-01,866,3235,1250,7366,2100,658598.86,231280.2,19755.72,5717.86
9,Client-I,2024-07-01,894,3957,1483,9016,2155,842286.78,235955.7,13830.35,3097.59
9,Client-I,2024-08-01,924,4876,1732,10980,2818,1099454.49,290336.96,25276.6,6477.82
9,Client-I,2024-09-01,910,4944,1723,10158,2656,932093.02,227604.44,25670.52,5416.36
9,Client-I,2024-10-01,891,4123,1500,8832,1952,1073338.39,208508.68,27369.91,5926.64
9,Client-I,2024-11-01,918,3737,1718,8962,2404,724640.69,246286.74,18717.68,3218.15
9,Client-I,2024-12-01,886,3629,1820,8957,2977,867882.66,226474.21,20715.88,5263.94
9,Client-I,2025-01-01,917,4126,1490,8849,2053,917342.55,211298.16,16523.68,5296.68
9,Client-I,2025-02-01,937,3950,1755,8754,2804,902271.73,287283.02,22390.34,4111.52
9,Client-I,2025-03-01,938,3226,1352,7686,2079,704000.12,241883.66,19676.72,7425.31
9,Client-I,2025-04-01,925,3459,1554,7050,2277,898588.33,145519.78,21612.47,2809.58
9,Client-I,2025-05-01,895,2947,1559,6721,2612,635377.2,249860.46,13758.06,6866.28
9,Client-I,2025-06-01,892,3102,1483,7287,2126,777907.59,151124.24,16940.53,5226.35
9,Client-I,2025-07-01,906,3364,1619,8042,2733,806147.75,219551.35,16009.93,4942.73
9,Client-I,2025-08-01,928,3875,1898,8932,2899,785802.26,305413.67,18061.17,5823.33
9,Client-I,2025-09-01,971,4525,1767,9107,2716,982818.47,281598.25,22875.42,6501.53
9,Client-I,2025-10-01,891,3853,1652,9557,2795,1003782.55,250450.52,35838.95,6055.78
9,Client-I,2025-11-01,917,4132,1514,9910,2155,942886.46,168030.33,23607.46,3105.53
9,Client-I,2025-12-01,956,5023,2074,10988,3411,1208316.89,324250.6,26309.36,9244.19
9,Client-I,2026-01-01,936,4152,1575,9813,2512,905138.07,253109.85,14803.38,4661.22
9,Client-I,2026-02-01,962,3651,1571,9196,2500,638678.08,194739.33,11929.63,3587.06
9,Client-I,2026-03-01,992,2797,1513,5886,2491,713280.13,206332.62,21902.13,5168.61
9,Client-I,2026-04-01,944,3242,1561,7378,2524,568219.09,192475.93,14614.24,3583.66
10,Client-J,2024-01-01,,1158,997,3020,2024,313714.4,113570.85,17879.55,6923.51
10,Client-J,2024-02-01,,1166,1178,3263,2404,290631.9,88012.59,17310.81,5033.14
10,Client-J,2024-03-01,,1156,992,3393,2009,330795.98,123225.2,15750.51,7382.28
10,Client-J,2024-04-01,,1540,876,4357,1635,460332.84,160889.91,22015.59,6861.37
10,Client-J,2024-05-01,,1770,1029,4285,1936,381130.97,143808.13,18646.47,6664.86
10,Client-J,2024-06-01,,1461,1248,4099,2427,336793.49,143399.52,18032.09,6470.29
10,Client-J,2024-07-01,,1654,1327,4335,2574,512674.15,162025.84,32482.98,8672.73
10,Client-J,2024-08-01,,1635,1206,4621,2287,349458.47,148869.67,14913.31,8095.6
10,Client-J,2024-09-01,,1260,1031,3652,1849,285029.85,85083.28,12394.95,4637.59
10,Client-J,2024-10-01,,1496,1075,4352,2071,320332.59,217776.48,20618.85,13127.68
10,Client-J,2024-11-01,,1181,1076,3457,2050,298485.5,113430.63,10680.59,4726.38
10,Client-J,2024-12-01,,1216,728,3448,1480,381172.03,117136.72,16309.56,5577.88
10,Client-J,2025-01-01,,1181,937,3259,1878,322141.55,116097.3,19181.1,6673.13
10,Client-J,2025-02-01,,1298,1120,4101,2058,361123.97,128960.22,24746.84,5945.51
10,Client-J,2025-03-01,,1478,1002,4323,1962,466406.04,113623.14,28692.7,6437.98
10,Client-J,2025-04-01,,1626,1154,5171,2253,440817.14,217164.33,34421.08,9430.78
10,Client-J,2025-05-01,,1467,820,3906,1545,381730.83,139258.18,18519.86,8899.5
10,Client-J,2025-06-01,,1659,886,4527,1796,450223.21,112197.78,18693.39,4751.99
10,Client-J,2025-07-01,,1273,1080,3457,2085,425285.64,123214.12,28426.91,6403.7
10,Client-J,2025-08-01,,1432,985,4453,1873,440844.64,73592.87,28758.89,4534.97
10,Client-J,2025-09-01,,1283,925,3898,1844,423835.06,158384.56,24226.96,9150.6
10,Client-J,2025-10-01,,1414,1161,4241,2282,459065.5,183333.44,30320.03,13603.26
10,Client-J,2025-11-01,,1308,1013,3821,1915,304219.11,147909.92,12740.07,8156.22
10,Client-J,2025-12-01,,1147,719,3488,1496,336606.29,96160.3,13264.1,5167.93
10,Client-J,2026-01-01,,1174,855,3706,1614,379062.99,119635.11,3750.25,6146.27
10,Client-J,2026-02-01,,1063,916,3218,1834,235934.28,141367.53,1534.58,5028.74
10,Client-J,2026-03-01,,1275,909,3380,1728,392303.41,73150.18,16515.39,2693.01
10,Client-J,2026-04-01,,1551,1045,4662,1865,335041.12,158549.1,13722,5200.12
11,Client-K,2023-06-01,3346,15125,12840,48181,29778,2478794.65,1467178.88,46637.89,25401.88
11,Client-K,2023-07-01,3196,17945,10403,52673,26997,4261533.47,822561.32,106535.72,14500.82
11,Client-K,2023-08-01,3403,18360,9949,60066,23636,4231426.42,1336075.12,83957.19,29623.84
11,Client-K,2023-09-01,3251,13462,10937,38697,22874,2680452.91,873915.32,59750.2,18921.44
11,Client-K,2023-10-01,3411,16073,11053,49251,25739,4232097.98,1154123.32,81808.17,16765.39
11,Client-K,2023-11-01,3420,14324,9330,45063,22699,3875923.29,1232890.79,102361.53,34473.59
11,Client-K,2023-12-01,3371,13377,7865,36833,20983,3490464.02,674310.01,72622.61,16538.86
11,Client-K,2024-01-01,3433,15122,8989,47323,20452,4324683.03,937169.05,93135.69,12511.78
11,Client-K,2024-02-01,3468,16040,11193,55135,25102,3509502.19,1318637.77,88156.72,32798.85
11,Client-K,2024-03-01,3383,17630,10916,49867,27193,4654860.59,1218378.74,101743.15,25627.87
11,Client-K,2024-04-01,3419,20721,12651,56144,32260,5873707.74,1275645.17,161146.91,33245.84
11,Client-K,2024-05-01,3357,16693,9986,51254,22790,5163625.37,1360279.87,99097.27,25558.89
11,Client-K,2024-06-01,3457,22285,12983,72862,29385,5688941.24,1629306.79,192996.62,22353.45
11,Client-K,2024-07-01,3451,18398,13475,60792,31809,5685567.89,1409500.87,107500.57,43804.93
11,Client-K,2024-08-01,3591,16829,13334,54883,32222,5209242.76,1449073.63,120495,34839.45
11,Client-K,2024-09-01,3534,17567,11787,54838,31196,5148230.2,1068751.95,95933.38,31611.07
11,Client-K,2024-10-01,3468,13799,10183,43492,24956,3976606.74,1128063.04,102295.8,24049.91
11,Client-K,2024-11-01,3585,16142,7615,50855,17652,3582513.4,682473.34,93915.77,18529.71
11,Client-K,2024-12-01,3478,14828,7455,40193,17501,4007949.87,899385.75,92235.66,17944.8
11,Client-K,2025-01-01,3578,14304,9000,41212,21323,3672710.21,1025573.76,105636.52,17007.78
11,Client-K,2025-02-01,3577,16792,12549,51455,32875,5466962.49,1321255.27,92833.5,27897.36
11,Client-K,2025-03-01,3574,15269,11385,48776,31385,4737462.43,1192176.82,87272.35,19645.03
11,Client-K,2025-04-01,3624,16891,12758,49402,30023,3244920.4,1719454.86,81805.82,47090.31
11,Client-K,2025-05-01,3591,24026,13612,73478,28999,5725001.99,1231260.12,68495.57,37684.96
11,Client-K,2025-06-01,3530,24664,15248,75414,38229,7817449.48,1778619.36,87031.59,27261.25
11,Client-K,2025-07-01,3702,25124,12695,77114,30124,6847059.63,1464870,115917.56,27408.77
11,Client-K,2025-08-01,3694,21927,12540,61182,28321,4901606.34,1343853.74,72025.63,27779.89
11,Client-K,2025-09-01,3687,14929,10623,49181,25424,3355462.31,1615708.15,78699.79,32564.33
11,Client-K,2025-10-01,3774,17378,11075,55481,25396,4383496.69,1143791.34,91620.58,23296.33
11,Client-K,2025-11-01,3695,14440,11626,36857,26440,3081202.37,1250438.66,47403.24,22335.36
11,Client-K,2025-12-01,3633,15615,8669,45091,19834,3574896.46,750408.07,91620.36,11373.2
11,Client-K,2026-01-01,3744,17147,7650,53303,20574,3155346.37,991678.37,77405.73,13510.83
11,Client-K,2026-02-01,3670,16464,8823,47983,19768,2911815.93,806955.19,58052.42,16022.63
11,Client-K,2026-03-01,3700,22437,11327,75191,26872,4211443.54,1436759.37,106221.99,26813.1
11,Client-K,2026-04-01,3596,18527,10364,54655,24515,4543959.31,1244106.63,77815.51,22113.34
12,Client-L,2023-06-01,3379,12493,9458,29053,15131,3765053.94,1298898.04,399790.01,89162.1
12,Client-L,2023-07-01,3268,8704,7076,20173,11210,2277298.45,835889.34,182637.54,72304.38
12,Client-L,2023-08-01,3397,12327,9341,31438,14057,2682021.56,939353.45,208591.84,91700.31
12,Client-L,2023-09-01,3402,9195,8522,23286,14501,3027112.04,1327234.86,281105.01,91293.38
12,Client-L,2023-10-01,3376,10799,8734,30108,14141,2228874.12,963121.56,207717.67,83278.08
12,Client-L,2023-11-01,3461,7756,8599,21271,15357,2102070.73,1115268.49,180633.29,78593.14
12,Client-L,2023-12-01,3498,10425,8868,27109,15131,2791165.04,1182127.64,287006.47,76762.7
12,Client-L,2024-01-01,3500,9575,9057,24061,15091,2360583.63,983208.27,169069.98,95688.75
12,Client-L,2024-02-01,3371,10579,7152,26746,11699,3278030.98,812218.62,215033.45,34047.53
12,Client-L,2024-03-01,3520,9821,9351,22728,15824,3008042.31,1111237.56,236782.78,102802.08
12,Client-L,2024-04-01,3368,12090,8116,32532,12721,2473761.69,1200098.71,174804.65,109376.1
12,Client-L,2024-05-01,3395,11880,8485,31095,14750,3198268.92,963642.22,233955.45,56145.16
12,Client-L,2024-06-01,3564,12607,8511,34361,14190,3472142.74,1092851.76,302933.14,107044.19
12,Client-L,2024-07-01,3437,11615,10804,30755,17057,3299622.5,1152601.02,329608.63,121782.45
12,Client-L,2024-08-01,3490,13316,10439,35878,16527,3993657.01,1110954.35,306830.18,113098.5
12,Client-L,2024-09-01,3479,11501,10338,28779,17422,2991070.33,1366627.4,202912.47,119218.37
12,Client-L,2024-10-01,3497,9644,8185,27502,13974,2848747.06,922003.78,215998.11,71216.73
12,Client-L,2024-11-01,3471,9683,8522,21679,12377,2250314.01,1074253.11,221655.93,66016.47
12,Client-L,2024-12-01,3506,9736,6841,26255,11310,2805184.41,621406.87,213733.07,49564.94
12,Client-L,2025-01-01,3413,8542,8253,21431,14030,2148267.18,1371237.02,117115.8,115246.22
12,Client-L,2025-02-01,3455,8626,8613,22532,14881,2398463.91,1006987.81,194477.82,92847.98
12,Client-L,2025-03-01,3538,10835,8299,26954,14047,2785986.77,977644.67,218652.23,77058.78
12,Client-L,2025-04-01,3550,10158,10743,26976,16137,3185846.95,1407698.63,182773.88,104869.74
12,Client-L,2025-05-01,3547,12101,9445,27872,14932,4040370.86,1196392.74,241373.75,128647.42
12,Client-L,2025-06-01,3628,11352,10013,29280,16352,2434263.64,1211721.28,246603.92,86158.41
12,Client-L,2025-07-01,3558,14236,11175,37272,19200,4417058.11,1706774.16,276550.92,139561.57
12,Client-L,2025-08-01,3684,11629,9969,30357,15933,3219554.2,1281821.28,261175.78,111925.11
12,Client-L,2025-09-01,3495,10347,11079,25273,18166,3393198.81,1276057.11,220262.57,88352.66
12,Client-L,2025-10-01,3609,11825,10526,32316,18096,3206384.68,1180284.81,264775.12,90880.44
12,Client-L,2025-11-01,3655,9384,7839,25549,11230,2029456.52,875289.58,158997.39,76347.86
12,Client-L,2025-12-01,3549,9098,8168,23940,13100,2036746.67,797397.19,120120.14,55528.39
12,Client-L,2026-01-01,3557,8951,9461,24173,15957,2311322.84,807067.33,245314.62,64815.67
12,Client-L,2026-02-01,3684,11064,8043,28535,11330,3317596.93,980904.22,153068.81,66072.42
12,Client-L,2026-03-01,3760,10079,9610,25466,14944,2649904.23,1002388.17,286970.4,61112.09
12,Client-L,2026-04-01,3641,10006,10249,24177,16945,2228382.92,1134617.66,173107.87,87530.28
13,Client-M,2023-06-01,,6949,2782,23167,5755,1074589.53,296423.34,30853.55,13203.47
13,Client-M,2023-07-01,,9020,2887,31188,6200,1587958.49,249895.01,68126.94,9267.79
13,Client-M,2023-08-01,,6565,2837,23067,6603,1197815.86,321346.07,39672.52,9069.2
13,Client-M,2023-09-01,,8495,3804,28947,7760,1677946.66,284361.22,57721.55,12204.85
13,Client-M,2023-10-01,,8171,4054,27540,9024,1708557.79,405583.49,35814.78,8715.37
13,Client-M,2023-11-01,,9561,2894,30391,5906,1142073.79,263938.4,51455.24,8897.51
13,Client-M,2023-12-01,,9377,3416,35649,6851,1834089.73,342912.79,51992.8,10148.75
13,Client-M,2024-01-01,,7656,3499,26808,7175,1815163.24,386710.71,58129.63,7793.36
13,Client-M,2024-02-01,,7966,3082,25788,6833,1127195.94,242128.47,30069.28,8055.07
13,Client-M,2024-03-01,,6978,2633,24947,6064,1267411.52,231948.12,33390.17,7519.82
13,Client-M,2024-04-01,,7026,2878,23887,5758,1242546.95,287893.18,35437.65,6800.92
13,Client-M,2024-05-01,,6402,2274,22222,5181,1046821.08,282943.83,34434.92,9204.31
13,Client-M,2024-06-01,,6716,2494,21384,5514,1265724.63,202564.5,47398.68,6616.45
13,Client-M,2024-07-01,,6369,2358,21733,4736,903087.52,288584.3,21867.83,12454.1
13,Client-M,2024-08-01,,8252,2961,26967,5777,1484189.37,250005.82,38372.71,8312.44
13,Client-M,2024-09-01,,6606,3249,22270,6859,820770.94,255464.5,22965.08,9498.56
13,Client-M,2024-10-01,,9381,3525,38942,7687,1515984.06,376334.33,59299.87,9477.72
13,Client-M,2024-11-01,,8904,2989,30524,6638,2293839.72,315329.71,102115.4,10081.08
13,Client-M,2024-12-01,,8801,2804,29049,5453,1806209.25,161410.63,55598.41,7848.32
13,Client-M,2025-01-01,,7917,3191,25180,5918,1404936.3,325110.81,34522.21,12703.03
13,Client-M,2025-02-01,,6021,3203,23882,6695,893766.5,330750.26,26480.2,8630.33
13,Client-M,2025-03-01,,6150,2567,20518,5868,1102225.31,210504.88,48439.57,7926.42
13,Client-M,2025-04-01,,6698,2443,22433,5044,987407.89,296891.09,36287.6,11404.41
13,Client-M,2025-05-01,,4709,2463,16371,4583,903891.28,136260.94,31207,4511.63
13,Client-M,2025-06-01,,6474,2626,20862,5483,1373945.5,322018.59,45174.78,9695.5
13,Client-M,2025-07-01,,7350,2672,23284,5862,1297216.06,376488.34,45881.27,12661.48
13,Client-M,2025-08-01,,6908,2381,23226,5061,1420750.2,272457.31,49114.04,10004.49
13,Client-M,2025-09-01,,9181,2798,31313,6097,1755531.17,361524.9,41912.36,9817.66
13,Client-M,2025-10-01,,8426,3516,29746,6857,1853208.57,347677.68,51447.66,14438.64
13,Client-M,2025-11-01,,9139,3217,30865,7417,1952711.01,329273.12,78696.63,12482.36
13,Client-M,2025-12-01,,7809,2591,25152,5154,1325828.13,234070.06,50058.25,8178.61
13,Client-M,2026-01-01,,9751,3092,32755,6041,1482578.78,286235.96,53126.37,12843.27
13,Client-M,2026-02-01,,7056,2582,24579,5878,1224904.95,304993.39,50511.77,11827.85
13,Client-M,2026-03-01,,7216,2793,25293,5705,1191888.65,267742.98,56811.94,9206.16
13,Client-M,2026-04-01,,5749,2795,21847,6419,1098163.93,223039.54,32655.2,8832.23
14,Client-N,2023-06-01,0,,,,,,,,
14,Client-N,2023-07-01,0,,,,,,,,
14,Client-N,2023-08-01,0,,,,,,,,
14,Client-N,2023-09-01,0,,,,,,,,
14,Client-N,2023-10-01,0,,,,,,,,
14,Client-N,2023-11-01,0,,,,,,,,
14,Client-N,2023-12-01,1360,4095,3109,13919,7194,745266.07,297071.88,50545.95,24810.82
14,Client-N,2024-01-01,1334,4868,4099,16301,9888,724508.43,341492.74,69381.97,18798.5
14,Client-N,2024-02-01,1374,4602,4073,15683,8105,727245.81,386858.49,45406.34,26516.88
14,Client-N,2024-03-01,1399,4796,4281,16450,9124,610738.92,523319.21,47429.61,43318.1
14,Client-N,2024-04-01,1371,5428,4314,21587,9147,745038.58,597888.8,42268.95,40704.08
14,Client-N,2024-05-01,1369,5183,5425,16828,10665,898195.88,643512.74,62935.64,45480.01
14,Client-N,2024-06-01,1356,6161,4373,23130,9179,1442540.18,497807.2,93498.6,43844.17
14,Client-N,2024-07-01,1313,6178,4605,24574,10319,1111147.88,414324.22,80845.66,29506.57
14,Client-N,2024-08-01,1365,4856,4662,18279,10378,1011179.82,520092.47,86796.56,33584.88
14,Client-N,2024-09-01,1357,4839,4084,19427,7264,1106024.83,413338.09,63838.69,27415.49
14,Client-N,2024-10-01,1351,4946,3961,18865,9302,588216.12,512063.48,52988.73,40922.66
14,Client-N,2024-11-01,1337,4927,3608,18075,8448,1041035.73,332418.29,73875.85,22875.9
14,Client-N,2024-12-01,1381,6024,4627,22377,10746,1022494.17,492944.35,48188.38,31647.94
14,Client-N,2025-01-01,1354,5754,3036,24440,6906,1239078.26,345377.8,80235.8,27029.38
14,Client-N,2025-02-01,1339,4889,4722,17785,10998,716017.93,485641.89,48337.47,19692.7
14,Client-N,2025-03-01,1356,4693,3621,16398,7960,874042.4,419600.1,39377.16,20096.87
14,Client-N,2025-04-01,1345,5611,4118,20998,8011,712145.17,287052.66,48791.91,19255.74
14,Client-N,2025-05-01,1349,5252,3873,19437,8834,1118496.07,297891.66,83649.99,18887.26
14,Client-N,2025-06-01,1384,5701,5739,20373,13956,1164660.39,734186.45,92175.35,66825.95
14,Client-N,2025-07-01,1434,5728,4616,20874,10187,854219.39,513708.5,54073.79,39868.33
14,Client-N,2025-08-01,1344,5708,5228,17949,11924,1009251.2,4529961.4,71961.82,32266.27
14,Client-N,2025-09-01,1335,4857,4260,18304,9111,858802.17,4435659.7,57289.87,22115.1
14,Client-N,2025-10-01,1372,4680,3873,18029,8740,729668.73,325786.56,59541.55,24655.49
14,Client-N,2025-11-01,1389,4138,3921,13538,9056,828402.55,454472.64,74586.51,32545.52
14,Client-N,2025-12-01,1401,5429,4614,19329,9893,1140305.93,434063.38,76161.23,37333.94
14,Client-N,2026-01-01,1336,5105,4415,15663,9604,840841.75,533098.29,59783.47,26621.3
14,Client-N,2026-02-01,1414,5436,5170,19667,12388,793740.32,410929.27,71855.51,24161.53
14,Client-N,2026-03-01,1373,5433,4638,20282,9449,898326.9,479316.58,79163.09,34479.5
14,Client-N,2026-04-01,1411,5690,4713,19188,10483,883541.17,549271.21,73578.36,31830.07
15,Client-O,2023-08-01,943,4664,2300,16636,4493,1251610.03,276850.05,61885.27,18640.16
15,Client-O,2023-09-01,907,4998,2722,18180,5599,1219504.17,337203.89,64110.86,18541.27
15,Client-O,2023-10-01,924,5282,2663,20009,4901,1344458.93,380035.77,63134.96,19863.11
15,Client-O,2023-11-01,964,4352,2674,14637,5243,803664.02,284516.47,43037.8,16499.06
15,Client-O,2023-12-01,978,5170,3068,18390,6398,1352143.18,375933.34,83279.07,21650.81
15,Client-O,2024-01-01,932,5005,2178,21426,4382,907099.38,302641.54,40588.9,11746.89
15,Client-O,2024-02-01,939,4793,2361,17160,5002,1309801.49,341021.9,75556.96,19487.18
15,Client-O,2024-03-01,945,4821,3016,18737,6051,1175593.93,209023.12,57245.97,7743.68
15,Client-O,2024-04-01,923,4121,2061,13788,3895,1048903.61,303889.58,66094.76,11636.01
15,Client-O,2024-05-01,957,3500,3055,12609,5708,786378.61,234525.92,50842.81,10810.25
15,Client-O,2024-06-01,923,4823,2434,17456,4634,1000019.73,323969.46,59615.04,17868.72
15,Client-O,2024-07-01,896,4170,2302,16094,4373,917074.99,310278.47,40065.43,17216.66
15,Client-O,2024-08-01,935,4238,2649,15929,5236,1004374.97,241718.71,62760.07,8902.78
15,Client-O,2024-09-01,933,4439,2161,16363,3902,1206338.55,211547.16,54704.99,10861.58
15,Client-O,2024-10-01,922,5365,2309,20736,4517,1025207.24,187652.85,40831.28,11875.34
15,Client-O,2024-11-01,930,5427,2276,20481,4852,1541021.91,273790.35,44319.73,16903.29
15,Client-O,2024-12-01,908,5174,2320,18985,4719,1068394.49,273072.63,47275.36,8404
15,Client-O,2025-01-01,907,4380,2967,15721,5890,1008365.96,350020.36,59978.13,16406.4
15,Client-O,2025-02-01,925,4246,2500,17250,4580,750441.87,266606.5,43620.8,14721.67
15,Client-O,2025-03-01,915,3602,2438,11956,5104,710093.29,346207.25,42182.48,10829.18
15,Client-O,2025-04-01,938,3757,1921,11562,3967,839435.01,232848.25,48114.25,6854.27
15,Client-O,2025-05-01,913,4066,1893,14274,3387,865072,188709.07,66782.89,9754.97
15,Client-O,2025-06-01,881,3940,2093,14588,4351,1009824.11,260610.35,51245.31,11629.83
15,Client-O,2025-07-01,900,4740,1591,16552,3002,937732.57,229366.57,56585.94,13878.34
15,Client-O,2025-08-01,911,4332,2083,16278,4297,752837.7,195022.6,45643.26,11862.13
15,Client-O,2025-09-01,922,4211,2610,17203,5464,918309.53,282325.47,30157.78,14291.81
15,Client-O,2025-10-01,921,4758,2926,16732,5967,1104702.56,400206.77,45862.1,9182.75
15,Client-O,2025-11-01,908,5616,1996,20493,4130,1211436.03,271898.78,81586.81,11618.57
15,Client-O,2025-12-01,925,4817,2749,18337,5450,873405.38,256130.39,42313.39,14986.41
15,Client-O,2026-01-01,912,5235,2553,17868,5016,1246458.63,291513.39,60972.1,16558.86
15,Client-O,2026-02-01,887,4516,2037,17096,4401,993002.02,304050.15,37552.79,17337.55
15,Client-O,2026-03-01,906,4024,2003,15614,3909,882152.7,247402.43,51359.14,7304.47
15,Client-O,2026-04-01,935,4461,2041,16168,3940,893487.37,237331.92,53983.38,15427.02
16,Client-P,2023-06-01,400,1400,899,4579,1408,315231.81,95283.49,9808.87,2769.46
16,Client-P,2023-07-01,402,1525,872,4066,1504,420654.85,97364.3,17090.11,2559.3
16,Client-P,2023-08-01,403,1503,914,4715,1373,390138.48,90306.58,16443.73,3512.21
16,Client-P,2023-09-01,398,1443,861,4141,1484,330440.33,84471.5,10055.83,2608.93
16,Client-P,2023-10-01,397,1383,731,4357,1141,294283.58,73027.95,12974.54,2150.64
16,Client-P,2023-11-01,401,1545,686,5068,1076,382002.53,77328.38,13185.13,1967.11
16,Client-P,2023-12-01,394,1134,774,3222,1258,308542.44,50533.82,9987.7,1840.47
16,Client-P,2024-01-01,398,1327,744,3571,1255,325905.61,48575.15,13855.61,1265.56
16,Client-P,2024-02-01,400,1224,735,4091,1091,257541.66,117330.89,9974.55,4129.05
16,Client-P,2024-03-01,394,1356,844,4225,1414,305126.01,115874.96,8018.34,3515.09
16,Client-P,2024-04-01,403,1282,793,4404,1274,285268.28,131885.81,10628.91,2312.67
16,Client-P,2024-05-01,400,1732,987,5737,1601,327112.91,87223.86,11747.77,2477.08
16,Client-P,2024-06-01,411,1774,1021,5549,1727,436436.27,140196.22,14810.71,3424.2
16,Client-P,2024-07-01,399,1567,993,4618,1619,335771.15,-18025.09,12062.64,0
16,Client-P,2024-08-01,403,1614,842,5699,1314,411659.75,95001.91,12195.57,2913.24
16,Client-P,2024-09-01,415,1384,719,4739,1098,331877.77,71836.24,11650.12,2207.99
16,Client-P,2024-10-01,417,1381,790,3971,1356,362048.44,114644.43,8127.44,2646.81
16,Client-P,2024-11-01,397,1273,825,4215,1329,252810.03,76939.63,6492.66,2118.19
16,Client-P,2024-12-01,409,1453,873,4323,1297,367276.81,148837.84,11548.66,5219.37
16,Client-P,2025-01-01,403,1426,736,4426,1126,309075.2,69490.71,11484.09,2258.58
16,Client-P,2025-02-01,414,1406,860,4575,1346,305978.68,96666.62,7277.82,3009.18
16,Client-P,2025-03-01,409,1337,924,4277,1449,349174.63,115163.39,11174.24,3399.42
16,Client-P,2025-04-01,398,1784,776,5621,1099,396241.89,92809.35,15846.94,3751.51
16,Client-P,2025-05-01,409,1949,990,6149,1591,497117.1,157229.08,12743.66,4516.61
16,Client-P,2025-06-01,421,1768,1112,5261,1774,479788.2,129107.33,16785.35,3775.47
16,Client-P,2025-07-01,400,463,273,1478,459,141873.81,33379.07,5643.46,1192.58
16,Client-P,2025-08-01,411,1669,673,5441,1127,333653.75,84508.07,15120.07,2350.09
16,Client-P,2025-09-01,405,1110,767,3320,1360,270906.31,96964.92,7220.69,2193.68
16,Client-P,2025-10-01,410,1547,697,5008,1101,359810.43,89375.31,10291.66,2298.63
16,Client-P,2025-11-01,409,1434,909,4532,1429,312638.61,122045.44,11495.04,4963.01
16,Client-P,2025-12-01,400,1170,670,4038,1091,189963.14,82028.1,6809.18,2276.49
16,Client-P,2026-01-01,414,1082,911,3025,1420,264808.97,96179.61,10058.94,4022.92
16,Client-P,2026-02-01,395,1845,1039,4957,1688,375355.63,86979.08,14021.01,11168.94
16,Client-P,2026-03-01,425,1660,900,4615,1449,359289.85,69733.62,12260.61,5523.33
16,Client-P,2026-04-01,405,1979,774,5902,1316,354404.46,87385.13,8539.2,2043.76
17,Client-Q,2024-02-01,2344,10238,4474,21134,11095,2201241.51,415046.53,191813.62,29185.89
17,Client-Q,2024-03-01,2278,11102,4067,25395,9551,1975215.64,399132.27,159388.15,50639.98
17,Client-Q,2024-04-01,2219,10850,4868,23900,11696,2057313.92,502316.42,150667.8,59944.56
17,Client-Q,2024-05-01,2336,11363,4740,24757,10901,2616898.98,386387.08,267072.05,26472.67
17,Client-Q,2024-06-01,2271,11681,4469,26525,10003,2004957.78,289823.15,177398.95,29300.14
17,Client-Q,2024-07-01,2354,11155,5279,25070,11923,1934000.25,360525.68,161335.2,35876.04
17,Client-Q,2024-08-01,2341,12132,4666,24299,11197,2143032.85,418746.95,159590.21,39152.45
17,Client-Q,2024-09-01,2222,9277,4939,22679,11584,1689059.14,588113.37,164183.99,39392.74
17,Client-Q,2024-10-01,2274,11537,4176,26714,9181,1541648.01,427258.75,135431.03,36746.5
17,Client-Q,2024-11-01,2292,10346,5038,21755,10872,1878906.14,556594.3,136368.7,36751.05
17,Client-Q,2024-12-01,2251,9814,4377,24139,10357,1584697.16,251140.58,164938.77,31414.04
17,Client-Q,2025-01-01,2227,9811,4101,21703,9151,1355419.64,402580.33,118564.44,21498.13
17,Client-Q,2025-02-01,2265,10337,4468,23845,10704,1418777.36,353310.76,115961.11,23981.53
17,Client-Q,2025-03-01,2159,9466,4413,19098,10482,1848550.23,364054.14,133151.8,33052.24
17,Client-Q,2025-04-01,2205,11438,5009,26067,11791,2342663.07,440516.03,138128.14,36543.28
17,Client-Q,2025-05-01,2180,10472,4087,24007,9593,1861183.23,392345.63,119519.23,39325.34
17,Client-Q,2025-06-01,2216,10240,4156,21643,9084,2331645.4,284004.56,131882.2,25889.49
17,Client-Q,2025-07-01,2183,10403,4184,22503,9238,1942827.17,421119.72,144517.29,31176.54
17,Client-Q,2025-08-01,2283,11384,4466,27936,10816,2358078.01,494915.82,229903.86,39155.5
17,Client-Q,2025-09-01,2200,9583,4142,22192,9394,1257756.56,466572.8,92261.81,22716.67
17,Client-Q,2025-10-01,2148,7209,3632,16399,8941,1035488.86,338101.58,106420.68,21778.76
17,Client-Q,2025-11-01,2250,9735,3889,21356,10099,1645957.42,305920.68,165784.01,33113.92
17,Client-Q,2025-12-01,2120,9007,4218,19004,9599,1714995.45,425989.07,170071.64,33296.99
17,Client-Q,2026-01-01,2214,10058,4169,24145,10126,1554216.6,273507.31,111151.81,22173.56
17,Client-Q,2026-02-01,2164,10202,3817,21576,8942,2009484.37,396138.45,156926.96,41020.52
17,Client-Q,2026-03-01,2107,10824,3881,21970,8431,2040588.55,369469.72,223798,25426.74
17,Client-Q,2026-04-01,2094,11107,3785,23527,9994,1734868.91,385085.25,139460.44,42746.41
18,Client-R,2024-01-01,367,1490,571,5000,1049,405424.73,71587.26,9787.62,2785.72
18,Client-R,2024-02-01,358,1698,618,5850,1145,547434.96,85784.36,17767.86,2906.32
18,Client-R,2024-03-01,362,1473,474,4543,857,358444.04,75312.96,12009.32,2561.24
18,Client-R,2024-04-01,376,1448,747,4642,1432,492277.98,97664.95,13093.63,3211.28
18,Client-R,2024-05-01,364,1280,623,4111,1361,348276.8,79358,12020.39,2994.51
18,Client-R,2024-06-01,369,1588,475,5920,949,487662.4,40905.6,11239.9,1587.5
18,Client-R,2024-07-01,374,1581,720,5240,1478,471871.93,81112.82,19479.61,2737.79
18,Client-R,2024-08-01,358,1538,587,5426,1184,433229.87,68381.73,13846.3,2412.64
18,Client-R,2024-09-01,370,1634,661,6025,1344,441593.74,77247.21,9029.2,3010.49
18,Client-R,2024-10-01,377,1596,708,5652,1404,482925.02,107068.2,15492.11,3480.67
18,Client-R,2024-11-01,379,1697,595,6295,1334,403432.06,75083.16,15111.54,2002.59
18,Client-R,2024-12-01,362,1643,659,5242,1394,507196.38,84167.14,19164.02,2215.97
18,Client-R,2025-01-01,365,1280,703,4307,1439,280034.08,86138.48,5280.95,2929.91
18,Client-R,2025-02-01,369,1632,585,5098,1154,436491.78,58930.07,11637.92,1787.46
18,Client-R,2025-03-01,368,1358,516,4688,1003,396320.59,70812.27,12739.89,1831.37
18,Client-R,2025-04-01,375,1568,680,5219,1219,469985.64,82451.7,11929.21,2256.07
18,Client-R,2025-05-01,367,1228,545,4314,1179,456803.46,78259.39,11461.26,3233.6
18,Client-R,2025-06-01,364,1564,674,5423,1315,444824.01,115583.14,19768.66,2176.86
18,Client-R,2025-07-01,376,1261,755,4764,756,491070.51,93153.07,11181.98,3385.75
18,Client-R,2025-08-01,365,1388,738,4823,738,371187.35,108053.86,10546.8,4059.4
18,Client-R,2025-09-01,383,1594,621,5464,1258,384366.94,74571.2,10224.62,1831.56
18,Client-R,2025-10-01,372,1494,663,5208,1332,464360.57,85623.19,13178.43,3061.42
18,Client-R,2025-11-01,372,1454,674,4860,1416,409119.32,78307.4,13961.06,2513.06
18,Client-R,2025-12-01,375,1663,707,5225,1515,317949.12,77436.33,12580.72,2846.65
18,Client-R,2026-01-01,371,1317,628,4520,1221,389466.55,52496.23,13968.09,1875.95
18,Client-R,2026-02-01,370,1629,638,6250,1315,445506.05,60425.73,14796.88,1920.01
18,Client-R,2026-03-01,379,1486,554,4718,1031,462786.76,85825.39,11410.84,2875.59
18,Client-R,2026-04-01,379,1543,620,5063,1184,376273.19,81681.39,12098.29,2537.07
19,Client-S,2023-06-01,371,1670,856,4235,1976,409337.92,105082.93,7401.8,1667.34
19,Client-S,2023-07-01,375,1730,800,3967,1633,443473.98,80554.36,6694.69,1960.64
19,Client-S,2023-08-01,362,1658,773,3595,1710,479734.56,78792.23,12530.37,1324.79
19,Client-S,2023-09-01,368,1764,680,3986,1490,520996.91,42314.2,11849.97,847.35
19,Client-S,2023-10-01,380,1760,864,3869,1880,337221.54,73996.26,8332.6,1628.12
19,Client-S,2023-11-01,361,1895,866,3891,1947,400627.8,100880.1,5960.29,1944
19,Client-S,2023-12-01,380,1881,865,3900,2131,476540.17,91802.97,11151.01,1510.22
19,Client-S,2024-01-01,374,1687,964,3633,2152,345219.32,114964.88,6431.01,2751.59
19,Client-S,2024-02-01,386,1661,1027,4091,2038,291367.88,111130.98,7582.18,1913.76
19,Client-S,2024-03-01,378,1811,909,3903,2079,464731.61,90527.93,9623.93,1378.73
19,Client-S,2024-04-01,383,1675,814,3621,1993,423671.28,65162.85,9415.36,734.79
19,Client-S,2024-05-01,378,1586,840,3148,1881,440192.3,116718.62,7386.58,2123.52
19,Client-S,2024-06-01,377,1734,647,4141,1484,455109.9,52346.35,8744.89,901.16
19,Client-S,2024-07-01,379,1809,881,3794,1880,440454.19,61037.86,5045.99,1685.83
19,Client-S,2024-08-01,376,1667,894,3820,2058,508025.24,122830.78,11703.76,2358.32
19,Client-S,2024-09-01,371,1739,1155,3577,2489,412650.22,150565.42,6132.55,4108.75
19,Client-S,2024-10-01,378,1813,868,3863,1979,501149.57,100366.48,10403.06,1892.38
19,Client-S,2024-11-01,393,1994,793,4280,1691,518534.88,85370.55,9786.95,1891.99
19,Client-S,2024-12-01,388,1738,837,3857,1748,477888.2,86143.97,5941.21,2105.12
19,Client-S,2025-01-01,397,1823,912,3668,1864,501438.44,87697.75,12720.16,2200.06
19,Client-S,2025-02-01,376,1783,871,3725,1913,430015.83,96365.83,6154.7,1787.62
19,Client-S,2025-03-01,372,1839,846,4217,1834,516790.99,100112.96,12647.01,1972.67
19,Client-S,2025-04-01,394,1801,813,4348,1764,633074.77,66577.78,10828.5,1186.77
19,Client-S,2025-05-01,376,1562,761,3367,1694,416830.82,88668.07,7130.42,1671.36
19,Client-S,2025-06-01,397,1416,970,2960,2289,374894.63,104844.87,5143.65,3034.05
19,Client-S,2025-07-01,399,1667,860,3566,1845,383811.13,101682.49,7971.38,2186.91
19,Client-S,2025-08-01,381,1900,884,4153,1831,422620.81,91878.06,9186.24,2326.26
19,Client-S,2025-09-01,392,1992,1007,4728,1986,549724.27,76707.66,12091.98,1469.16
19,Client-S,2025-10-01,400,1876,841,3770,1929,345565.25,115396.78,6858.42,2037.26
19,Client-S,2025-11-01,399,1925,1022,4322,2406,533246.67,89578.76,13649.59,2014.75
19,Client-S,2025-12-01,409,1670,1207,3731,2628,329887.67,137770.45,6696.84,2475.88
19,Client-S,2026-01-01,392,1546,841,3363,1919,487346.08,110856.6,12400,2500.96
19,Client-S,2026-02-01,397,1623,761,3594,1795,490789.78,71746.76,11931.09,1312.76
19,Client-S,2026-03-01,404,1658,884,3867,2237,412662.96,75680.69,10600.5,1493.8
19,Client-S,2026-04-01,406,1898,832,4385,1896,531953.8,61898.16,10318.52,1160.78
20,Client-T,2023-06-01,605,2434,2029,6384,3606,499426.59,193788.96,10081.68,4108.1
20,Client-T,2023-07-01,612,2483,1758,7099,3071,458366.35,140941.33,11246.02,1401.01
20,Client-T,2023-08-01,607,2692,1993,6987,3589,421631.28,161026.87,9938.86,5155
20,Client-T,2023-09-01,626,3591,3026,9696,5063,567100.65,274652.59,15170.6,5535.58
20,Client-T,2023-10-01,635,3234,2106,9994,3282,564927.78,140839.27,16789.02,4336.29
20,Client-T,2023-11-01,600,3397,1965,8730,3130,626355.01,162576.11,14702.52,4241.11
20,Client-T,2023-12-01,608,2904,2091,8483,3880,640717.36,197030.81,23839.19,3576.49
20,Client-T,2024-01-01,621,3247,2327,8360,3513,654550.78,222901.52,14061.95,5881.34
20,Client-T,2024-02-01,612,2746,1753,9121,2969,399306.31,150792.49,9103.16,4618.91
20,Client-T,2024-03-01,613,2624,1895,6711,3032,482657.64,86086.59,15907.83,2475.91
20,Client-T,2024-04-01,620,2429,2053,6500,3486,462795.7,183197.47,10715.64,4017.83
20,Client-T,2024-05-01,617,3312,2085,9602,3879,510663.73,150102.72,14762.37,4119.25
20,Client-T,2024-06-01,597,2750,1868,8184,3195,533083.41,104389.98,14436.81,2703.08
20,Client-T,2024-07-01,618,2604,2513,7302,4378,491028.63,253037.42,12562.57,6448.26
20,Client-T,2024-08-01,607,3153,1877,9143,3415,516947.21,151058.48,16432.4,2942.51
20,Client-T,2024-09-01,601,3013,2498,8691,4213,429267.58,211591.34,10676.25,5599.56
20,Client-T,2024-10-01,599,3540,1606,10466,3016,658113.4,118206.03,14754.36,3700.88
20,Client-T,2024-11-01,615,2909,2393,8838,4027,521710.14,159255.77,7900.17,2941.34
20,Client-T,2024-12-01,603,3164,2281,9423,3965,587090.37,187548.94,11595.63,4544.06
20,Client-T,2025-01-01,599,3048,2463,9203,3908,534080.69,185289.87,11717.66,5199.97
20,Client-T,2025-02-01,603,2847,2129,8194,3595,660188.06,102127.77,12772.32,3102.51
20,Client-T,2025-03-01,642,3118,2054,8356,3192,593019.2,135396.01,15090.03,2517.45
20,Client-T,2025-04-01,622,3045,1840,8811,2960,649792.97,168296.46,17647.17,4427.44
20,Client-T,2025-05-01,633,2892,2044,9537,3543,415260.48,152243.72,4851.46,3674.07
20,Client-T,2025-06-01,629,2492,2059,7293,3457,351685.87,184028.53,9386.31,3326.3
20,Client-T,2025-07-01,626,2925,1562,8280,2639,627690.64,101856.95,14996.4,2782.16
20,Client-T,2025-08-01,600,2941,1715,8588,2809,444274.6,120095.39,10987.49,1879.49
20,Client-T,2025-09-01,600,2985,2283,8298,3558,444172.31,166577.55,8007.57,3289.65
20,Client-T,2025-10-01,596,3231,2382,8534,3654,588309.64,167516.42,14532.29,4548.76
20,Client-T,2025-11-01,630,2776,2710,7612,5236,515334.12,179220.81,16168.76,5404.15
20,Client-T,2025-12-01,601,2927,2340,8119,3953,552797.24,192026.54,15371.97,4065.61
20,Client-T,2026-01-01,612,2659,1728,7555,2946,470111.14,122727.66,14572.45,3071.31
20,Client-T,2026-02-01,607,2929,2245,8372,3802,515728.99,189114.44,13724.22,4550.84
20,Client-T,2026-03-01,635,2412,2003,6952,3509,406856.94,168203.41,11960.41,3758.95
20,Client-T,2026-04-01,606,2525,2018,7385,3319,406368.6,206648.73,13438.68,5360.35
21,Client-U,2024-04-01,977,2563,3023,6026,7066,555833.63,531907.67,22279.16,24486.25
21,Client-U,2024-05-01,976,2772,2847,6949,6037,391336.12,344122.7,13106.55,19711.13
21,Client-U,2024-06-01,951,3557,3110,8625,7019,818901.45,353126.54,30778.71,9438.21
21,Client-U,2024-07-01,980,3274,3549,7313,8124,783474.88,538989.64,31404.79,21057.69
21,Client-U,2024-08-01,970,3842,3764,9266,7955,921315.81,524666.23,42022.37,21830.47
21,Client-U,2024-09-01,985,3780,3786,8736,8332,803998.78,553489.66,36328.21,23563.98
21,Client-U,2024-10-01,927,3505,3643,9027,7675,623125.99,428697.92,40627.2,17507.84
21,Client-U,2024-11-01,969,3469,3200,8556,7352,807284.49,325327.62,42789.7,10950.66
21,Client-U,2024-12-01,964,3664,3213,7194,6654,1090296.93,410635.75,22980.21,16132.61
21,Client-U,2025-01-01,925,2682,2934,6212,6402,779464.78,447890.37,32160.92,16816.67
21,Client-U,2025-02-01,887,3247,2844,7649,6128,751055.48,333839.04,34164.88,10866.9
21,Client-U,2025-03-01,920,2197,2297,5235,4960,601809.07,244998.78,28012.31,8685.96
21,Client-U,2025-04-01,933,2531,2705,5886,6212,563488.57,329490.5,20321.77,12342.6
21,Client-U,2025-05-01,923,2937,2837,7089,6112,829038.22,439403.65,46066.6,16142.13
21,Client-U,2025-06-01,944,3183,2907,7354,6634,725414.4,418990.67,31951.65,23705.59
21,Client-U,2025-07-01,943,2814,3460,6697,7734,665110.87,600694.17,27348.09,25409.25
21,Client-U,2025-08-01,914,3417,3275,7895,6718,704503.85,452087.69,30269.64,17908.54
21,Client-U,2025-09-01,897,3149,2873,6928,6045,685506.2,548640.22,29724.93,19113.51
21,Client-U,2025-10-01,902,3072,3128,6585,6671,780785.93,537664.59,25058.11,21245.68
21,Client-U,2025-11-01,940,3335,3793,8285,7754,755839.78,712432.55,26551.44,23509.13
21,Client-U,2025-12-01,915,3130,3516,6839,7913,736893.88,582727.47,30682.2,31640.58
21,Client-U,2026-01-01,901,3328,2771,8475,5792,610668.7,268893.73,22287.22,14406.12
21,Client-U,2026-02-01,920,2638,3151,6112,7147,511469.97,338657.83,20388.01,18025.31
21,Client-U,2026-03-01,889,2739,2765,6031,5962,606471.16,351711.35,25325.92,19650.09
21,Client-U,2026-04-01,883,3007,1984,7111,4573,653832,227823.08,25623.62,11395.3
22,Client-V,2023-06-01,460,1572,1015,4632,2331,377859.96,68082.99,15085.75,2724.73
22,Client-V,2023-07-01,457,1694,1129,4477,2384,285245.71,64626.56,19634.58,2212.43
22,Client-V,2023-08-01,458,2077,1200,5538,2286,450363.05,96225.16,15432.77,3864.88
22,Client-V,2023-09-01,463,2178,1311,6333,2973,569790.85,87042.76,21061.93,3795.63
22,Client-V,2023-10-01,460,2128,1079,6685,2718,542742.59,74328.95,22768.14,3800.28
22,Client-V,2023-11-01,456,1755,1120,5760,2428,338847.75,83954.07,15521.44,3348.46
22,Client-V,2023-12-01,478,1623,1268,4601,2926,281769.5,98776.95,12942.54,5418.37
22,Client-V,2024-01-01,445,1691,1305,5114,3266,352778.44,117441.1,13630.89,2662.96
22,Client-V,2024-02-01,452,1835,1056,5074,2420,391810.25,58149.21,17463.99,2675.4
22,Client-V,2024-03-01,456,1547,1118,4492,2322,382587.55,100886.67,17392.21,4073.89
22,Client-V,2024-04-01,472,1859,1338,5519,3107,519379.29,112196.26,25128.98,6358.61
22,Client-V,2024-05-01,457,1529,939,4843,2060,295480.15,74703.76,13866.5,2828.29
22,Client-V,2024-06-01,467,1783,1315,6232,2831,446125.91,102122.98,17870.21,3524.16
22,Client-V,2024-07-01,445,1628,1005,5210,2283,313401.1,77695.96,12866.4,2573.82
22,Client-V,2024-08-01,444,1859,1150,5861,2802,433130.79,55210.87,14133.79,1827.45
22,Client-V,2024-09-01,447,2157,1062,6306,2443,497006.15,61908.81,28584.36,3123.03
22,Client-V,2024-10-01,467,1489,974,4139,2077,350322.5,93935.8,15401.84,3869.74
22,Client-V,2024-11-01,463,1806,1274,5299,2825,495839.16,81672.08,23286.37,4042.9
22,Client-V,2024-12-01,464,1494,1034,4970,2229,474735.52,78881.14,18147.29,3357.24
22,Client-V,2025-01-01,462,1979,1243,6424,3050,444025.9,106198.6,23709.48,4302.46
22,Client-V,2025-02-01,464,1802,1122,5543,2391,410276.09,84801.84,16863.42,2920.04
22,Client-V,2025-03-01,448,1750,1035,5285,2292,468247.52,76959.49,18001.54,3487.84
22,Client-V,2025-04-01,458,1341,1172,4438,2631,372631.91,96479.95,18822.61,3612.76
22,Client-V,2025-05-01,480,1816,1136,5354,2401,384174.07,93104.33,13257.67,2752.4
22,Client-V,2025-06-01,465,1923,1056,5469,2175,451488.92,74021.24,18821.57,3622.17
22,Client-V,2025-07-01,469,2085,1017,6158,2216,433180.38,93173.66,20481.8,4598.43
22,Client-V,2025-08-01,472,1750,1212,5371,2805,388046.68,83666.41,15583.21,1937.22
22,Client-V,2025-09-01,463,1955,1272,5848,2595,416146.04,103997.55,22224.9,5402.99
22,Client-V,2025-10-01,459,1980,1233,6030,2558,397839.71,110648.15,20727.11,3151.94
22,Client-V,2025-11-01,468,1999,1113,6393,2426,561776.2,81447.09,24142.16,3825.2
22,Client-V,2025-12-01,458,1776,1175,5627,2526,472839.89,110894.24,17422.52,5225.82
22,Client-V,2026-01-01,457,2040,828,5646,1660,479652.63,69349.37,19535.4,3071.2
22,Client-V,2026-02-01,456,1608,1000,4575,2186,327899.56,93483.06,13419.02,4353.26
22,Client-V,2026-03-01,451,1737,1077,4922,2431,425693.32,104675.57,14408.14,4392.65
22,Client-V,2026-04-01,466,1882,798,5571,1777,415733.21,70342.97,18050.29,2494.71
23,Client-W,2023-06-01,1496,6139,2646,18631,4654,1275709.74,378978.81,35502.62,9914.91
23,Client-W,2023-07-01,1470,5529,3573,16529,6214,1675515.68,430762.77,37140.67,12461.33
23,Client-W,2023-08-01,1441,4889,2813,14126,5585,1370034.02,394586.69,22306.9,9678.05
23,Client-W,2023-09-01,1475,6162,3029,16344,5820,1496126.45,515434.9,38593.39,18653.36
23,Client-W,2023-10-01,1428,5570,2825,15992,5349,1124945.26,414143.3,37395.95,14017.95
23,Client-W,2023-11-01,1482,6574,4835,17435,8488,1573149.17,1112563.29,46562.7,36901.73
23,Client-W,2023-12-01,1397,5859,3137,13447,5984,847123.87,411370.42,19947.83,13177.96
23,Client-W,2024-01-01,1379,7998,2922,21841,4880,1932987.23,365301.86,61192.76,12706.14
23,Client-W,2024-02-01,1413,6133,4180,15918,7354,1336202.46,383141.03,18069.5,11918.1
23,Client-W,2024-03-01,1437,7307,3956,20567,7269,1744505.62,549665.27,43574.73,13209.89
23,Client-W,2024-04-01,1392,5698,3648,14307,6992,1488481.52,341950.15,52009.34,10373.92
23,Client-W,2024-05-01,1371,6196,3368,15327,5972,1842222.14,402070.48,61636.96,13186.97
23,Client-W,2024-06-01,1380,6086,2678,16166,4640,1232054.49,506051.52,28718.76,15541.72
23,Client-W,2024-07-01,1378,4378,3766,11727,6176,945590.78,646910.59,22815.45,22199.71
23,Client-W,2024-08-01,1382,5327,3377,13524,6126,1337915.84,407856.37,37544.09,9964.69
23,Client-W,2024-09-01,1414,5767,3236,16827,5321,1553722.24,385883.93,33125.05,7018.14
23,Client-W,2024-10-01,1388,5606,2419,15069,4760,1291267.14,337964.61,47004.77,5394.81
23,Client-W,2024-11-01,1364,5879,3393,14520,6187,1073742.16,457387.16,32566.89,9974.26
23,Client-W,2024-12-01,1364,6045,3633,17033,7204,1532898.81,503544.8,39999.22,14901.28
23,Client-W,2025-01-01,1396,5750,4131,15467,7713,1184616.66,489890.22,26278.5,16191.31
23,Client-W,2025-02-01,1391,6329,3257,16287,5249,1441777.78,391997.92,31891.43,11232.48
23,Client-W,2025-03-01,1338,5956,3680,17053,6479,1615842.29,580509.3,56398.23,13524.09
23,Client-W,2025-04-01,1379,5735,4339,16279,8393,1424756.62,645749.53,26924.65,18086.96
23,Client-W,2025-05-01,1317,5846,3830,16387,7427,1484824.52,765844.36,32505.81,23072.26
23,Client-W,2025-06-01,1348,6005,3559,16237,6021,1604656.64,596490.19,46034.46,12033.29
23,Client-W,2025-07-01,1338,5164,2976,13729,5344,1254787.74,371638.67,31298.45,7172.88
23,Client-W,2025-08-01,1351,5277,2654,15140,4674,1349773.27,360802.29,49399.2,10672.85
23,Client-W,2025-09-01,1359,5630,2590,15487,4705,1276715.52,342579.59,46579.85,7625.15
23,Client-W,2025-10-01,1350,5353,3063,15005,5247,1533005.18,459925.19,26544.13,14022.68
23,Client-W,2025-11-01,1315,5760,2126,17346,3662,1175830.65,325200.21,34041.42,8933.71
23,Client-W,2025-12-01,1312,6780,3601,18242,6413,1729155.52,500400.74,33455.94,13704.9
23,Client-W,2026-01-01,1387,7060,3765,19247,6911,1765390.6,577975.44,57971.39,19613.67
23,Client-W,2026-02-01,1381,6571,2495,18867,4419,1766112.68,384656.46,26990.31,11590.76
23,Client-W,2026-03-01,1329,6515,3126,17744,5417,1784010.56,539117.29,62607.8,24954.25
23,Client-W,2026-04-01,1277,5546,3101,14174,5536,1365413.52,627842.16,46583.76,16713.08
24,Client-X,2023-11-01,2069,9587,5339,18816,12288,,,,
24,Client-X,2023-12-01,2153,9417,5431,18462,11941,,,,
24,Client-X,2024-01-01,2117,8591,6121,17856,13059,,,,
24,Client-X,2024-02-01,2089,7562,5976,16151,12772,,,,
24,Client-X,2024-03-01,2157,9489,4695,19909,9307,,,,
24,Client-X,2024-04-01,2154,7910,3874,16688,8182,,,,
24,Client-X,2024-05-01,2160,8401,4392,16456,8787,,,,
24,Client-X,2024-06-01,2072,7640,4647,14326,10080,,,,
24,Client-X,2024-07-01,2079,8463,3215,17485,6415,,,,
24,Client-X,2024-08-01,2068,9936,4820,21356,10388,,,,
24,Client-X,2024-09-01,2060,8971,5459,15993,12107,,,,
24,Client-X,2024-10-01,2096,9353,6066,20052,13750,,,,
24,Client-X,2024-11-01,2088,8421,4594,16981,9927,,,,
24,Client-X,2024-12-01,1982,6982,5222,13589,11448,,,,
24,Client-X,2025-01-01,2119,10584,5116,18209,11079,,,,
24,Client-X,2025-02-01,2150,8907,4799,19252,9721,,,,
24,Client-X,2025-03-01,2095,8046,4921,17024,11148,,,,
24,Client-X,2025-04-01,2128,8018,3932,15962,8175,,,,
24,Client-X,2025-05-01,2069,7217,4613,14442,9827,,,,
24,Client-X,2025-06-01,2095,6352,4642,13955,10103,,,,
24,Client-X,2025-07-01,2025,7540,4383,16597,9768,,,,
24,Client-X,2025-08-01,2111,9069,4289,18162,7998,,,,
24,Client-X,2025-09-01,2013,8140,4981,15605,10581,,,,
24,Client-X,2025-10-01,2101,11331,5063,22085,11048,,,,
24,Client-X,2025-11-01,2121,10638,5305,23705,12187,,,,
24,Client-X,2025-12-01,2007,8781,4847,18733,9633,,,,
24,Client-X,2026-01-01,2118,10642,6069,22135,12302,,,,
24,Client-X,2026-02-01,2111,8817,4632,19749,10272,,,,
24,Client-X,2026-03-01,2067,8424,4998,17507,10693,,,,
24,Client-X,2026-04-01,2094,7439,4123,14575,8828,,,,
25,Client-Y,2023-06-01,1053,3956,2519,11344,5648,1112174.15,322775.55,102284.17,19756.75
25,Client-Y,2023-07-01,1078,3930,2715,10107,6355,1205244.98,462499.16,82490.33,33618.78
25,Client-Y,2023-08-01,1065,3410,3003,9934,6161,884619.44,393054.74,53793.08,19791.85
25,Client-Y,2023-09-01,1093,4558,3494,12514,7105,1528296.37,349435.05,125551.72,24298.49
25,Client-Y,2023-10-01,1024,5001,3489,14500,7665,1320663.36,242785.56,113983.72,17710.6
25,Client-Y,2023-11-01,1041,4964,2649,13440,5246,1262390.1,286920.8,110554.14,22443.68
25,Client-Y,2023-12-01,1038,4820,3450,14742,8760,1050956.38,434524.75,79521.25,38042.97
25,Client-Y,2024-01-01,1056,4835,3293,14518,8028,1831350.07,365331.2,141613.8,21957.62
25,Client-Y,2024-02-01,1065,5015,3569,15397,8448,1599755.27,378814.02,86365.54,28471.49
25,Client-Y,2024-03-01,1043,4464,3227,12691,7527,1152851.61,401689.6,94982.75,37220.86
25,Client-Y,2024-04-01,1055,4826,3325,13203,8179,1366414.23,467419.23,103964.42,26249.17
25,Client-Y,2024-05-01,1053,4603,2700,11986,6291,1582495.82,194591.87,117287.21,14227.31
25,Client-Y,2024-06-01,1072,4071,2443,11437,5408,1067966.05,211120.55,92703.5,15413.3
25,Client-Y,2024-07-01,1070,4934,2592,13929,6080,1112220.3,238856.61,75623.94,12387.09
25,Client-Y,2024-08-01,1063,3585,3342,10339,7971,991317.38,378697.91,73206.22,29979.58
25,Client-Y,2024-09-01,1061,4048,3009,11404,7159,1008861.19,404368.54,68648.23,32557.33
25,Client-Y,2024-10-01,1039,3996,3580,10847,8140,1033693.58,392977.22,88922.48,32333.01
25,Client-Y,2024-11-01,720,3583,1949,9688,4754,1197507.03,204007.17,125682.59,12397.58
25,Client-Y,2024-12-01,708,3160,2068,9681,4788,1000323.1,191005.13,74268.79,9922.65
25,Client-Y,2025-01-01,708,3460,2577,8966,6338,1051187.38,315805.25,66342.95,23982.26
25,Client-Y,2025-02-01,713,3205,2146,9717,5361,803145.77,190659.53,64268.75,14798.43
25,Client-Y,2025-03-01,698,3190,2373,9673,5218,912934.36,187382.47,80807.27,14805.33
25,Client-Y,2025-04-01,692,2668,1911,7127,4492,831671.55,151587.55,60682.04,11101.99
25,Client-Y,2025-05-01,707,2523,1869,6828,4530,787287.34,202557.69,36986.66,20326.17
25,Client-Y,2025-06-01,711,2774,2026,8402,4938,793454.88,234090.87,53936.77,22284.09
25,Client-Y,2025-07-01,711,2393,1758,6350,3998,601804.92,218467.5,33570.67,9887.87
25,Client-Y,2025-08-01,718,2925,2180,8810,4637,893124.68,205464.12,78907.44,16217.21
25,Client-Y,2025-09-01,689,3295,2173,8047,5029,675924.46,224047.92,39761,17882.91
25,Client-Y,2025-10-01,702,3150,1984,8845,4944,980439.88,224854.79,70168.72,17346.34
25,Client-Y,2025-11-01,693,2914,2011,8437,5046,739402.96,194792.79,67121.67,15673.57
25,Client-Y,2025-12-01,689,3378,2110,10186,5053,808175.21,155528.97,66067.19,9078.17
25,Client-Y,2026-01-01,686,3450,1773,9423,4802,1170402.82,200477.88,89745.42,15888.74
25,Client-Y,2026-02-01,683,3443,1813,8775,4586,833009.07,232374.9,55209.23,12956.14
25,Client-Y,2026-03-01,711,3400,2303,9370,5105,1059815.69,303200.13,85645.09,22089.16
25,Client-Y,2026-04-01,725,3304,2312,9214,6058,953580.91,274702.9,78844.93,12024.23